^firma,stadt,webseite,vorname,nachname,mail
Meezzy,Kadurahayu,http://youku.com,Clélia,Rice,nrice0@epa.gov
Rhynoodle,Bireun,https://nps.gov,Laurène,Peters,speters1@google.es
Janyx,Ozalj,http://harvard.edu,Noëlla,Fowler,afowler2@timesonline.co.uk
Shuffledrive,Skopin,https://ft.com,Méng,Cox,ccox3@plala.or.jp
Gabvine,Ashtarak,http://dmoz.org,Vérane,Hayes,shayes4@europa.eu
Wordtune,Bontoc,https://hubpages.com,Sòng,Owens,nowens5@npr.org
Skinder,Rahayu,http://gnu.org,Inès,Fox,hfox6@salon.com
Yabox,Ra-ngae,http://shareasale.com,Lài,Stone,lstone7@mapy.cz
Agimba,Taozixi,https://hibu.com,Kallisté,Shaw,nshaw8@geocities.jp
Skaboo,Xinpu,https://arizona.edu,Wá,Perry,aperry9@mozilla.org
Devpoint,Yuli,http://ask.com,Pénélope,Jordan,hjordana@uol.com.br
Brightdog,Djohong,https://cnbc.com,Mégane,Washington,kwashingtonb@google.com.hk
Linklinks,Silca,https://ameblo.jp,Mélissandre,King,ckingc@ocn.ne.jp
Blogspan,Langchuan,http://nationalgeographic.com,Kuí,Gonzales,agonzalesd@forbes.com
Kare,Shaogongzhuang,http://gov.uk,Lorène,Hall,rhalle@oracle.com
Jazzy,Pondokaso,https://washingtonpost.com,Bérénice,Long,mlongf@lulu.com
Brainverse,Boyeros,https://elegantthemes.com,Cécilia,Diaz,ediazg@360.cn
Blognation,Engure,https://boston.com,Adélie,Robinson,hrobinsonh@icq.com
Skiba,Rontu,https://over-blog.com,Loïs,Gonzales,tgonzalesi@newyorker.com
Realcube,Maguyam,https://usda.gov,Athéna,Welch,awelchj@uol.com.br
Shuffledrive,Qijing,http://a8.net,Gisèle,Ramos,jramosk@skype.com
Eazzy,Pagsanahan Norte,http://netscape.com,Séréna,Rogers,brogersl@wikia.com
Jayo,Jincheng,https://nature.com,Illustrée,Wells,awellsm@umn.edu
Photojam,Kodyma,http://wikispaces.com,Styrbjörn,Harvey,mharveyn@pbs.org
Tagopia,Liangshan,http://home.pl,Ruò,Fernandez,sfernandezo@uiuc.edu
Brainlounge,Utrecht (stad),http://networksolutions.com,Cinéma,Burton,fburtonp@census.gov
Dabjam,Minian,http://jiathis.com,Adélie,Carr,jcarrq@histats.com
Twitterwire,Baguim do Monte,https://wordpress.org,Edmée,Marshall,jmarshallr@skype.com
Eadel,Māmūnīyeh,http://hhs.gov,Publicité,Cook,rcooks@fastcompany.com
Thoughtmix,Yanshang,http://reddit.com,Lauréna,Bishop,rbishopt@skyrock.com
Edgepulse,Lepanto,http://eventbrite.com,Kévina,Palmer,rpalmeru@biglobe.ne.jp
Meedoo,Ojo de Agua,http://storify.com,Táng,Schmidt,aschmidtv@independent.co.uk
Skimia,Bắc Ninh,https://people.com.cn,Intéressant,Coleman,acolemanw@usgs.gov
Dynabox,Dongxi,https://yahoo.com,Pélagie,Arnold,carnoldx@php.net
Centidel,Magangué,https://bravesites.com,Léandre,Hamilton,ehamiltony@paypal.com
Wikizz,Santa Rosa,http://joomla.org,Håkan,Brooks,bbrooksz@ycombinator.com
Twinder,Neebing,https://usa.gov,Mélodie,Griffin,ngriffin10@domainmarket.com
Gabvine,Zaprudnya,http://weebly.com,Kévina,Lane,hlane11@businessinsider.com
Ozu,Dian-ay,http://usa.gov,Angélique,Gilbert,pgilbert12@dailymail.co.uk
Wordpedia,Żabnica,https://unesco.org,Bérangère,Armstrong,garmstrong13@ucoz.com
Photofeed,Grand Forks,http://bing.com,Audréanne,Reynolds,nreynolds14@ft.com
Zoonder,Yamada,http://cbsnews.com,Valérie,Scott,bscott15@columbia.edu
Linkbridge,Kedungsumurkrajan,https://e-recht24.de,Mélanie,Ford,pford16@infoseek.co.jp
Gabvine,Chinú,http://typepad.com,Marlène,Snyder,dsnyder17@ucla.edu
Yabox,Gubin,http://cocolog-nifty.com,Mahélie,Long,llong18@npr.org
Riffpedia,Francisco I Madero,https://multiply.com,Angélique,Butler,tbutler19@google.de
Topicblab,Sobhādero,https://issuu.com,Mélys,Richardson,crichardson1a@walmart.com
Edgetag,Héroumbili,http://wikipedia.org,Maëly,Nichols,jnichols1b@mayoclinic.com
Gabspot,Udanin,http://japanpost.jp,Mélinda,Greene,kgreene1c@state.tx.us
Bubblebox,Talakag,http://japanpost.jp,Gwenaëlle,Long,llong1d@google.it
Demivee,Kungsbacka,https://opera.com,Laïla,Morris,smorris1e@un.org
Linklinks,Podivín,https://tinypic.com,Miléna,West,mwest1f@microsoft.com
Devpoint,Dnipryany,http://ebay.com,Mélissandre,Campbell,kcampbell1g@si.edu
Yambee,Florestópolis,http://wikispaces.com,Loïca,Peters,bpeters1h@bbb.org
Tagcat,Talisay,https://wufoo.com,Zhì,Webb,dwebb1i@diigo.com
Zoombox,Aygepat,http://oracle.com,Aloïs,Schmidt,mschmidt1j@loc.gov
Realmix,Prosperidad,https://slate.com,Amélie,Ford,lford1k@artisteer.com
Eire,Chrysó,https://arizona.edu,Ruì,Lewis,clewis1l@amazonaws.com
Nlounge,Tambo,https://businesswire.com,Stéphanie,Turner,sturner1m@alibaba.com
Skipfire,Oslo,https://si.edu,Anaëlle,Oliver,woliver1n@photobucket.com
Plambee,Sukawaris,http://yandex.ru,Edmée,Johnston,hjohnston1o@chronoengine.com
Thoughtworks,Araouane,https://people.com.cn,Dorothée,Mills,pmills1p@mit.edu
Talane,Kalvola,http://storify.com,Dafnée,Greene,rgreene1q@t-online.de
Flipopia,Timbó,http://wordpress.com,Léana,Gardner,kgardner1r@eepurl.com
Minyx,Eksjö,http://nature.com,Mélys,Patterson,epatterson1s@utexas.edu
Bubbletube,Waco,https://yale.edu,Véronique,Reed,areed1t@usa.gov
Tazz,Dayu,http://ucsd.edu,Mélys,Myers,bmyers1u@shop-pro.jp
Rhynoodle,Ak’ordat,https://w3.org,Cécilia,Nguyen,dnguyen1v@hexun.com
Tazz,Cruz das Almas,https://cnn.com,Pélagie,Williams,ewilliams1w@about.com
Buzzshare,Oitui,http://friendfeed.com,Örjan,Duncan,tduncan1x@blogs.com
Kwideo,Tvarožná,https://blogger.com,Dà,Cooper,wcooper1y@wikia.com
Lazzy,Nabari,https://addthis.com,Vérane,Schmidt,jschmidt1z@delicious.com
Wordify,Shihuiyao,http://infoseek.co.jp,Mén,Bennett,rbennett20@ca.gov
Zoomdog,Zihu,https://prlog.org,Åslög,Henderson,ghenderson21@wix.com
Babblestorm,Plérin,http://bigcartel.com,Ruì,Gonzales,sgonzales22@ycombinator.com
Fanoodle,Shuyuan,http://blogs.com,Laurélie,Alvarez,dalvarez23@slashdot.org
Reallinks,Kasreman,https://usgs.gov,Gösta,Stevens,gstevens24@csmonitor.com
Avamba,Beishan,http://rakuten.co.jp,Léana,Kelley,skelley25@github.io
Babbleopia,Xuancheng,http://opensource.org,Gérald,Ray,mray26@weebly.com
Browsetype,Sjöbo,http://google.cn,Néhémie,Ferguson,kferguson27@fc2.com
Fatz,Jagabaya Dua,http://icio.us,Almérinda,Porter,sporter28@sciencedaily.com
DabZ,Arys,https://nba.com,Réjane,Reed,creed29@hhs.gov
Blogtags,Evijärvi,http://prlog.org,Amélie,Sims,dsims2a@usnews.com
Thoughtsphere,Tandaltī,http://merriam-webster.com,Camélia,Sullivan,csullivan2b@360.cn
Devshare,Utsjoki,https://adobe.com,Eugénie,Martin,mmartin2c@eepurl.com
Tagcat,Afaahiti,https://blog.com,Mélinda,Montgomery,mmontgomery2d@bigcartel.com
Gabvine,Nagrak,https://youku.com,Mélina,Wheeler,kwheeler2e@cnn.com
Voomm,Pueblo Nuevo,http://mac.com,Dorothée,Sullivan,gsullivan2f@ifeng.com
Babbleblab,Eirado,http://instagram.com,Zoé,Fuller,afuller2g@kickstarter.com
Mybuzz,Smidary,http://zdnet.com,Judicaël,Cooper,mcooper2h@lulu.com
Zoomzone,Xinxu,https://elpais.com,Måns,Garza,jgarza2i@mac.com
Tagchat,Fontvieille,http://tamu.edu,Desirée,Fernandez,tfernandez2j@buzzfeed.com
Geba,Birnin Kebbi,https://ted.com,Jú,Martin,dmartin2k@unicef.org
Babbleopia,Rio Meão,https://tiny.cc,Léandre,Stephens,rstephens2l@noaa.gov
Meevee,Maoyang,https://opera.com,Mélia,Gilbert,bgilbert2m@simplemachines.org
Ntags,Sunan,http://cdc.gov,Irène,Daniels,edaniels2n@miibeian.gov.cn
Zoomdog,Arsenal,https://cnet.com,Aí,Howell,showell2o@51.la
Mycat,Chiquimulilla,http://yale.edu,Laurélie,Morris,hmorris2p@themeforest.net
Vinder,Tinambac,https://netlog.com,Agnès,Webb,jwebb2q@disqus.com
Topiclounge,Wushishi,http://prlog.org,Daphnée,Fields,mfields2r@tripadvisor.com
Youspan,São João da Barra,https://house.gov,Irène,Edwards,redwards2s@usda.gov
Zoombox,Huskvarna,http://wikipedia.org,Marie-hélène,Bennett,jbennett2t@craigslist.org
Tanoodle,Guayaquil,http://chronoengine.com,Personnalisée,Jones,sjones2u@geocities.com
Kanoodle,Los Angeles,https://drupal.org,Alizée,Little,elittle2v@ebay.com
Tavu,Qiuchuan,http://moonfruit.com,Bérangère,Cruz,bcruz2w@ucoz.com
Yamia,Bekasi,http://skyrock.com,Laïla,Fields,nfields2x@jigsy.com
Brightbean,Marseille,http://fc2.com,Görel,Lawson,llawson2y@aol.com
Thoughtsphere,Tukuyu,https://wikipedia.org,Noëlla,Coleman,ccoleman2z@slashdot.org
Quinu,Bang Lamung,https://earthlink.net,Léone,Riley,ariley30@printfriendly.com
Yoveo,Bang Phae,https://bloomberg.com,Mélia,Barnes,lbarnes31@parallels.com
Omba,Tulsa,http://tmall.com,Gaïa,Bennett,cbennett32@ask.com
Topiclounge,Had Kourt,https://sitemeter.com,Eléonore,Bailey,bbailey33@dion.ne.jp
Skivee,Mogok,https://unc.edu,Annotée,Ferguson,bferguson34@howstuffworks.com
Cogidoo,Jinghai,https://reuters.com,Pò,Washington,jwashington35@issuu.com
DabZ,Chokwé,https://exblog.jp,Médiamass,Thompson,athompson36@moonfruit.com
LiveZ,Xiaohe,https://webeden.co.uk,Hélèna,Bailey,abailey37@opensource.org
Eabox,Dolní Studénky,https://dailymotion.com,Anaïs,Rose,brose38@gov.uk
Avamm,Dois Córregos,http://usnews.com,Zoé,Little,dlittle39@photobucket.com
Jaloo,Pietà,https://princeton.edu,Táng,Carter,lcarter3a@infoseek.co.jp
Demimbu,Alor Setar,https://google.ca,Marie-thérèse,Grant,cgrant3b@scientificamerican.com
Myworks,Belčišta,http://ca.gov,Cléopatre,Hart,mhart3c@sun.com
Livetube,Eskilstuna,https://comsenz.com,Mahélie,Cruz,mcruz3d@cnbc.com
Meeveo,Cisownica,https://miitbeian.gov.cn,Faîtes,Simpson,tsimpson3e@geocities.com
Oyonder,Sinarbakti,https://paginegialle.it,Aí,Rodriguez,erodriguez3f@tuttocitta.it
Twitterworks,Fedorovka,http://delicious.com,Kallisté,Bishop,jbishop3g@opera.com
Realcube,Omaha,http://washington.edu,Hélène,Roberts,sroberts3h@woothemes.com
Roombo,Lagoaça,https://yandex.ru,Françoise,Cooper,tcooper3i@eventbrite.com
Thoughtbridge,Barra,https://hao123.com,Pélagie,Allen,eallen3j@php.net
Skipstorm,Haebaru,https://google.ca,Andréa,Morrison,smorrison3k@zdnet.com
Jaxnation,Daduchuan,https://mashable.com,Lorène,Stewart,jstewart3l@shareasale.com
Divavu,Lagos,https://goo.ne.jp,Léone,Graham,agraham3m@mac.com
Topicstorm,Jiangxi,https://drupal.org,Vénus,Reyes,jreyes3n@barnesandnoble.com
Brainsphere,Oslo,http://google.pl,Cécile,Stone,jstone3o@blogspot.com
Flashspan,Mapalad,http://icq.com,Aimée,Wagner,kwagner3p@csmonitor.com
Kayveo,El Real,http://fc2.com,Clémentine,Price,kprice3q@bloglovin.com
Vidoo,Kayapa,https://sfgate.com,Liè,Evans,eevans3r@hao123.com
Riffpath,Khemarat,https://independent.co.uk,Estée,Larson,llarson3s@uiuc.edu
Trilia,Bayan Tuohai,http://webs.com,Inès,Torres,atorres3t@hugedomains.com
Trudoo,Nairobi,http://dropbox.com,Adélie,Ray,eray3u@cnn.com
Buzzbean,Sortavala,http://spiegel.de,Judicaël,Smith,psmith3v@ox.ac.uk
Dabtype,Kenzhe,https://arizona.edu,Lorène,Williamson,mwilliamson3w@stumbleupon.com
Dazzlesphere,Pakokku,https://google.de,Lèi,Wilson,jwilson3x@geocities.jp
Rhycero,Konin,https://un.org,Léane,Cruz,ccruz3y@msn.com
Avamba,Klyetsk,http://theguardian.com,Maïwenn,Morrison,cmorrison3z@wix.com
Oyonder,Pradera,http://state.tx.us,Ruì,Gutierrez,kgutierrez40@ocn.ne.jp
Zoomdog,Nytva,https://ovh.net,Laïla,Young,pyoung41@hubpages.com
Rhyzio,Newport News,http://stanford.edu,Marlène,Kennedy,vkennedy42@tinyurl.com
Jabbersphere,Leer,http://amazon.de,Yénora,Wright,jwright43@psu.edu
Cogibox,Richmond,https://google.nl,Kuí,Gilbert,ngilbert44@si.edu
Blogtags,Donduşeni,http://mysql.com,Jú,West,cwest45@shinystat.com
Podcat,Zhongzhai,http://nsw.gov.au,Eliès,Dean,tdean46@studiopress.com
Realfire,Kara Suu,http://1und1.de,Cléa,Mason,wmason47@ibm.com
Bubblebox,Żelazków,https://intel.com,Pénélope,Mcdonald,wmcdonald48@oracle.com
Skipstorm,Donetsk,http://paginegialle.it,Mà,Woods,rwoods49@xrea.com
Wordify,Jiangchuan,https://opera.com,Rébecca,Hart,shart4a@google.co.jp
Skivee,Vidago,http://imdb.com,Styrbjörn,Crawford,gcrawford4b@marriott.com
Ooba,Chalaco,http://hugedomains.com,Almérinda,Carr,wcarr4c@youtube.com
Tagcat,Affery,https://google.co.uk,Gisèle,Carroll,pcarroll4d@bizjournals.com
Avaveo,Huaqiu,https://yellowbook.com,Eloïse,Owens,aowens4e@timesonline.co.uk
Bubbletube,Tostado,http://army.mil,Léonore,Harrison,tharrison4f@youtu.be
Yambee,Xiaopu,http://exblog.jp,Géraldine,Ward,cward4g@shutterfly.com
Edgetag,Tonoshō,https://wired.com,Mélodie,Moore,smoore4h@pcworld.com
Twinder,Xinwan,https://cloudflare.com,Michèle,Olson,folson4i@merriam-webster.com
Linktype,Antipino,https://toplist.cz,Vénus,Adams,cadams4j@usda.gov
Wikido,Ovalle,https://businessweek.com,Gaïa,Nelson,tnelson4k@ucoz.com
Dabshots,Smolyaninovo,https://com.com,Edmée,Johnson,gjohnson4l@craigslist.org
Tambee,Staré Město,https://rakuten.co.jp,Yóu,Morrison,jmorrison4m@netscape.com
Wikibox,Lojigawaran,http://wp.com,Kuí,Gibson,sgibson4n@discuz.net
Wordware,Ivoti,https://typepad.com,Magdalène,Duncan,kduncan4o@pinterest.com
Browsezoom,Luanda,http://wsj.com,Renée,Cruz,scruz4p@utexas.edu
Centizu,Mella,http://diigo.com,Bérengère,Lewis,mlewis4q@toplist.cz
Livepath,Zhongben,http://epa.gov,Táng,Sims,jsims4r@live.com
Zoomdog,Leppävirta,http://comsenz.com,Mélanie,James,jjames4s@dot.gov
Photospace,Vale de São Cosme,https://samsung.com,Crééz,Banks,abanks4t@whitehouse.gov
Topiclounge,Weetombo,https://marketwatch.com,Angélique,Willis,kwillis4u@blogtalkradio.com
JumpXS,Pining,https://msu.edu,Néhémie,Peters,mpeters4v@is.gd
Browsebug,Hiseti,https://npr.org,Mén,Hernandez,shernandez4w@irs.gov
Linkbuzz,Ollantaytambo,http://i2i.jp,Estée,Stone,gstone4x@oaic.gov.au
Edgeify,Zaranj,https://ifeng.com,André,Ortiz,bortiz4y@chicagotribune.com
Browseblab,Sukošan,https://adobe.com,Zhì,Hunt,mhunt4z@skyrock.com
Yamia,Johor Bahru,https://yellowpages.com,Léana,Ward,jward50@canalblog.com
Quatz,Abuyog,https://feedburner.com,Edmée,Holmes,cholmes51@howstuffworks.com
Riffpedia,Obikiik,http://moonfruit.com,Andréa,Ward,jward52@vk.com
Photospace,Baipu,https://pen.io,Illustrée,Harper,gharper53@123-reg.co.uk
Tanoodle,Ngrambitan,https://printfriendly.com,Joséphine,Russell,rrussell54@freewebs.com
Centidel,Sarnia,https://theglobeandmail.com,Anaé,Miller,amiller55@hao123.com
Fivechat,Richmond,http://t-online.de,Åslög,Freeman,afreeman56@prweb.com
Quimba,Helsingborg,https://upenn.edu,Intéressant,Wells,fwells57@bandcamp.com
Divavu,Quezaltepeque,http://studiopress.com,Táng,White,jwhite58@woothemes.com
Gigashots,Maskinongé,http://ft.com,Illustrée,Perry,jperry59@domainmarket.com
Voonyx,Álimos,http://networkadvertising.org,Miléna,Ellis,pellis5a@timesonline.co.uk
Roombo,São José de Ribamar,http://sphinn.com,Daphnée,Matthews,pmatthews5b@yolasite.com
Browsedrive,Hejiayan,http://rambler.ru,Kévina,Garcia,dgarcia5c@goo.gl
Abatz,Thị Trấn Kim Tân,http://naver.com,Cléopatre,Cruz,lcruz5d@google.pl
Tagcat,Tarusa,http://sohu.com,Publicité,Stanley,sstanley5e@wufoo.com
Jaxworks,Batibati,https://sciencedirect.com,Maïlis,Thompson,jthompson5f@narod.ru
Mydo,Leiyang,http://barnesandnoble.com,Lén,Morrison,amorrison5g@ucla.edu
Yakijo,Pereslavl’-Zalesskiy,https://smh.com.au,Irène,Mccoy,nmccoy5h@umich.edu
Fliptune,Kaset Sombun,https://delicious.com,Mélissandre,Perry,aperry5i@blogger.com
Trudeo,Bergen op Zoom,http://jiathis.com,Illustrée,Arnold,larnold5j@theatlantic.com
Meejo,Gandrungmangu,https://purevolume.com,Eléa,Simmons,hsimmons5k@latimes.com
Roodel,Izra‘,https://surveymonkey.com,Léana,Richards,trichards5l@examiner.com
Digitube,Chencun,https://printfriendly.com,Göran,Banks,gbanks5m@apache.org
Jetpulse,Moravče,http://hibu.com,Lauréna,Rice,irice5n@loc.gov
Skinder,El Retén,https://edublogs.org,Salomé,Grant,mgrant5o@redcross.org
Bubblemix,Iksan,https://bloglines.com,Dà,Rose,frose5p@simplemachines.org
Thoughtblab,Huangcun,https://cbc.ca,Laurène,Jenkins,jjenkins5q@studiopress.com
Jaxspan,Cerro Blanco,https://nifty.com,Lèi,Boyd,fboyd5r@hexun.com
Wikizz,Jiaze,http://instagram.com,Anaïs,Thomas,bthomas5s@yale.edu
Blogtag,Headlands,https://ed.gov,Bécassine,Weaver,tweaver5t@seattletimes.com
Mynte,Paleran,https://g.co,Pélagie,Dixon,mdixon5u@abc.net.au
Jatri,Jambean,https://bloglines.com,Åke,Powell,mpowell5v@seesaa.net
Tagtune,Longfengshan,https://sciencedaily.com,Gaïa,Martin,jmartin5w@ycombinator.com
Thoughtbridge,Falun,https://umn.edu,Cécilia,Thompson,cthompson5x@spotify.com
Twitterbridge,Guider,https://bloglines.com,Naëlle,Simpson,jsimpson5y@noaa.gov
Skiptube,Krajan,https://paypal.com,Eliès,Matthews,wmatthews5z@ebay.com
Jaxbean,Gading,https://smugmug.com,Angèle,Hanson,rhanson60@stumbleupon.com
Bubbletube,Polanka Wielka,http://virginia.edu,Mélina,Diaz,mdiaz61@multiply.com
Yoveo,Piasek,https://goodreads.com,Pål,Green,wgreen62@arstechnica.com
Gigabox,Wichian Buri,http://hostgator.com,Gérald,Dean,cdean63@shareasale.com
Omba,Coaldale,https://bizjournals.com,Intéressant,Evans,jevans64@shareasale.com
Leexo,Singapore,https://wsj.com,Pål,Medina,jmedina65@va.gov
Babbleopia,Mosteirô,https://latimes.com,Kallisté,Ward,eward66@macromedia.com
Buzzbean,Allkaj,http://ycombinator.com,Loïca,Gordon,cgordon67@myspace.com
Roomm,Pasadena,https://google.cn,Marie-françoise,Fox,kfox68@webs.com
Flipbug,El Colorado,https://salon.com,Réservés,Lawson,alawson69@examiner.com
Rhyzio,São Sepé,https://odnoklassniki.ru,Mélinda,Sims,wsims6a@amazon.de
Layo,Umm as Summāq,https://youku.com,Valérie,Murphy,wmurphy6b@eepurl.com
Jabberstorm,Maceió,https://alexa.com,Stévina,Hughes,ihughes6c@weather.com
Mycat,Geldrop,https://upenn.edu,Marie-josée,Chavez,pchavez6d@hexun.com
Camimbo,Waina,http://psu.edu,Danièle,Roberts,rroberts6e@nps.gov
Cogibox,Yangshufang,https://free.fr,Anaëlle,Brooks,abrooks6f@mtv.com
Fivechat,Shuangshan,http://wikimedia.org,Clémentine,Brooks,mbrooks6g@constantcontact.com
Buzzshare,Palaiomonástiron,https://technorati.com,Angèle,Wilson,kwilson6h@phoca.cz
Edgewire,Antonina,http://independent.co.uk,Uò,Stanley,jstanley6i@businesswire.com
Trudoo,Swindon,http://people.com.cn,Lài,Graham,cgraham6j@auda.org.au
Katz,Olsztyn,https://seesaa.net,Jú,Austin,raustin6k@bloglovin.com
Zooxo,Chuandao,http://cargocollective.com,Zoé,Nichols,dnichols6l@jigsy.com
Mymm,Buriwutung,http://gmpg.org,Dà,Walker,ewalker6m@mapy.cz
Brightdog,Yangzi Jianglu,http://thetimes.co.uk,Ophélie,Adams,jadams6n@eventbrite.com
Centimia,Vila Chã de Ourique,http://ucla.edu,Salomé,Lopez,klopez6o@ftc.gov
Oodoo,Mértola,http://cnn.com,Félicie,Ellis,aellis6p@wordpress.org
Twitterwire,Thompson,http://yale.edu,Sòng,Clark,sclark6q@ftc.gov
Jaxbean,Sayansk,https://bloglines.com,Mélodie,Spencer,fspencer6r@digg.com
Plambee,Boncis,http://umich.edu,Annotés,Collins,scollins6s@redcross.org
Yakitri,Il’ka,https://marriott.com,Edmée,Burton,nburton6t@simplemachines.org
Kazu,Xiazhai,http://jugem.jp,Ruì,Boyd,lboyd6u@naver.com
Avamba,Castro Barros,http://msn.com,Maïwenn,Scott,tscott6v@arstechnica.com
Trunyx,Victoria,http://cnn.com,Valérie,Dean,jdean6w@craigslist.org
Agivu,Salcedo,https://ucla.edu,Léonie,Weaver,cweaver6x@ftc.gov
Tavu,Seto,https://google.de,Marlène,Collins,scollins6y@naver.com
Lazz,Innoshima,https://businesswire.com,Håkan,Carroll,acarroll6z@360.cn
Skibox,El Hamma,http://wikispaces.com,Laïla,Fernandez,kfernandez70@smh.com.au
Realblab,Huangling,https://blogs.com,Anaël,Dean,rdean71@loc.gov
Gabvine,Old City,https://accuweather.com,Geneviève,Moore,cmoore72@time.com
Photospace,Ouahigouya,https://sun.com,Anaëlle,Stephens,wstephens73@admin.ch
Skipfire,Aginskoye,http://springer.com,Séverine,Howard,hhoward74@hugedomains.com
Livetube,Mississauga,https://phpbb.com,Mårten,Harvey,dharvey75@nih.gov
Npath,Luofang,https://twitter.com,Marie-françoise,Moore,amoore76@newyorker.com
DabZ,Mapiripán,http://ehow.com,Kévina,Miller,rmiller77@cbslocal.com
Leexo,Amboasary,http://marriott.com,Gaétane,Banks,jbanks78@i2i.jp
Trilia,Abbottābād,https://cafepress.com,Cunégonde,Spencer,lspencer79@biblegateway.com
Edgeclub,Guangli,http://irs.gov,Marlène,Carpenter,dcarpenter7a@multiply.com
Edgewire,Kumanis,http://cdc.gov,Maï,Lopez,nlopez7b@domainmarket.com
Jayo,Ta Phraya,http://narod.ru,Sélène,Schmidt,aschmidt7c@ca.gov
Meevee,Verin Dvin,https://tamu.edu,Måns,Berry,mberry7d@angelfire.com
Jamia,Dār an Naşr,https://yandex.ru,Lóng,Spencer,bspencer7e@pagesperso-orange.fr
Tagtune,Sebulu,http://nationalgeographic.com,Marie-françoise,Romero,jromero7f@google.co.jp
Jabbersphere,Floreşti,https://symantec.com,Pénélope,King,aking7g@macromedia.com
Camido,Dalaba,https://biblegateway.com,Marlène,Burns,bburns7h@a8.net
Demivee,Al Qarārah,https://amazon.com,Lyséa,Thomas,rthomas7i@virginia.edu
Yakitri,Zalanga,http://flickr.com,Örjan,Cox,hcox7j@multiply.com
Mynte,Bulualto,https://hp.com,Maëlyss,Hill,shill7k@flickr.com
Oyonder,Nīkêh,https://amazon.com,Méng,Morris,cmorris7l@timesonline.co.uk
Feedmix,Huangshi,https://sciencedirect.com,Clémentine,Evans,revans7m@telegraph.co.uk
Yakijo,Matalam,http://rambler.ru,Naëlle,Williamson,nwilliamson7n@senate.gov
Zazio,Esteio,http://salon.com,Intéressant,Miller,smiller7o@reverbnation.com
Twitterworks,Macia,https://webnode.com,Adélie,Frazier,jfrazier7p@vkontakte.ru
Ozu,Amiens,http://paginegialle.it,Andréa,Ward,wward7q@360.cn
DabZ,Romanovo,http://who.int,Audréanne,King,jking7r@skyrock.com
Minyx,Huazhai,http://shutterfly.com,Amélie,Ward,eward7s@lycos.com
Flashset,Lugovoy,http://indiatimes.com,Stévina,Franklin,jfranklin7t@gizmodo.com
Viva,Kut Chap,https://virginia.edu,Andréa,Shaw,bshaw7u@businessweek.com
Riffwire,Mauá,http://pagesperso-orange.fr,Jú,Brown,cbrown7v@yelp.com
Yombu,Figueira dos Cavaleiros,http://wikia.com,Mahélie,Diaz,bdiaz7w@blogtalkradio.com
Shufflebeat,Krasnoye,http://un.org,Cléa,Burke,jburke7x@ycombinator.com
Bubbletube,Linghu,http://behance.net,Mà,Gordon,jgordon7y@wisc.edu
Avamba,Hamilton,http://si.edu,Cécile,Meyer,hmeyer7z@youtu.be
Yamia,Urjala,https://tinyurl.com,Méline,Grant,jgrant80@unicef.org
Centidel,Affery,https://eepurl.com,Maëlle,Moore,bmoore81@unesco.org
Avaveo,Minyat an Naşr,http://github.com,Pò,Oliver,holiver82@nifty.com
Leexo,Tanjung Pandan,http://yahoo.co.jp,Kallisté,Knight,jknight83@desdev.cn
Realbuzz,Ikata-chō,https://geocities.com,Judicaël,Harrison,rharrison84@opera.com
Aimbo,Red Hill,https://hostgator.com,Méthode,Kim,fkim85@bravesites.com
Digitube,L'Assomption,http://tinypic.com,Léa,Meyer,dmeyer86@twitter.com
Twitterwire,Matang,http://deviantart.com,Gaétane,Rice,jrice87@multiply.com
Wikizz,Finspång,http://clickbank.net,Célia,Cook,gcook88@goo.ne.jp
Browsedrive,Saint-Égrève,https://123-reg.co.uk,Aurélie,Bryant,hbryant89@arstechnica.com
Twitterworks,Skien,https://themeforest.net,Mégane,Hansen,ghansen8a@fotki.com
Zooxo,Nawābganj,http://umn.edu,Mélina,Ramirez,rramirez8b@1und1.de
Twitternation,Vicente Guerrero,https://hibu.com,Gisèle,Little,clittle8c@vkontakte.ru
Babbleset,Ol Kalou,http://miitbeian.gov.cn,Mélanie,Richardson,brichardson8d@marriott.com
Jabbercube,Broumov,http://google.com.au,Noëlla,Kennedy,fkennedy8e@a8.net
Rhycero,Sudo,https://yelp.com,Noëlla,Griffin,sgriffin8f@webmd.com
Demivee,Karlskoga,http://bandcamp.com,Célia,Little,jlittle8g@blogtalkradio.com
Meetz,Tubarão,http://usgs.gov,Hélène,Jackson,tjackson8h@un.org
Twitterbridge,Żelazków,https://huffingtonpost.com,Géraldine,Walker,fwalker8i@youtube.com
Photobug,Curug,https://soundcloud.com,Nuó,Fuller,afuller8j@independent.co.uk
Vimbo,Jorok Dalam,https://geocities.com,Amélie,Kim,skim8k@mayoclinic.com
Twinder,Trashigang,https://shutterfly.com,Märta,Rogers,crogers8l@weather.com
Quaxo,Corticeiro de Baixo,http://dot.gov,Lèi,Porter,rporter8m@ezinearticles.com
Myworks,Bara Datu,https://ihg.com,Marlène,Elliott,belliott8n@godaddy.com
Oloo,Paris 08,https://themeforest.net,Léana,Taylor,rtaylor8o@merriam-webster.com
Topiclounge,Limbe,https://discovery.com,Börje,Cox,jcox8p@ebay.co.uk
Jaxspan,Fiães,http://cafepress.com,Stéphanie,Baker,bbaker8q@youtube.com
Photojam,Polje,https://msn.com,Cinéma,Bennett,sbennett8r@tamu.edu
Realcube,Machala,https://google.it,Cloé,Gilbert,kgilbert8s@loc.gov
Photobug,20 de Noviembre,http://deviantart.com,Dafnée,Freeman,dfreeman8t@howstuffworks.com
Jaxspan,Jiworejo,https://github.io,Hélèna,Andrews,bandrews8u@guardian.co.uk
Photobug,Krajan,https://delicious.com,Ruò,Walker,hwalker8v@whitehouse.gov
Cogidoo,Orsha,https://forbes.com,Adélie,Hernandez,phernandez8w@reference.com
Pixonyx,Rialma,http://issuu.com,Maïlys,Robinson,grobinson8x@soup.io
Jaxbean,Cabalaoangan,https://vinaora.com,Pélagie,Kim,ckim8y@clickbank.net
Realbuzz,Pingdi,http://home.pl,Anaël,Gordon,agordon8z@dot.gov
Shufflebeat,Kez,http://hibu.com,Hélèna,Russell,mrussell90@de.vu
Lajo,Wenfang,https://flickr.com,Loïs,Lane,clane91@cbslocal.com
Podcat,Smyshlyayevka,https://scientificamerican.com,Mélanie,Fowler,cfowler92@cnbc.com
Youfeed,Unión,https://unblog.fr,Lóng,Richards,jrichards93@newsvine.com
Gabtype,Shangyong,http://vistaprint.com,Léonore,Baker,dbaker94@google.com
Ntag,Pederneiras,https://smh.com.au,Kuí,Willis,cwillis95@smugmug.com
Riffpedia,Stavyshche,http://rakuten.co.jp,Fèi,Mills,pmills96@etsy.com
Meezzy,Río Grande,http://vimeo.com,Andrée,Hill,thill97@prweb.com
Riffpedia,Khujirt,https://multiply.com,Loïc,Davis,hdavis98@github.io
Realcube,San Marcos de Colón,https://unc.edu,Maëlys,Willis,mwillis99@pagesperso-orange.fr
Wikivu,Zhangtan,https://nydailynews.com,Adèle,Carroll,hcarroll9a@opera.com
Eamia,Savonranta,http://com.com,Clémentine,Jacobs,djacobs9b@ted.com
Photojam,Wuying,http://patch.com,Cécilia,Bryant,jbryant9c@seattletimes.com
Gigabox,Brive-la-Gaillarde,http://amazon.co.jp,Mégane,George,bgeorge9d@cbc.ca
Dabfeed,Riba de Ave,https://youku.com,Véronique,Hart,mhart9e@mtv.com
Wikido,Safed,http://about.me,Åslög,Warren,swarren9f@free.fr
Centidel,Guandu,https://4shared.com,Eléa,Lopez,blopez9g@craigslist.org
Gabvine,Rouen,https://goo.ne.jp,Märta,Hawkins,mhawkins9h@who.int
Dabtype,Al Ma‘baţlī,http://berkeley.edu,Marie-thérèse,Murray,lmurray9i@biglobe.ne.jp
Livetube,Moita,https://bluehost.com,Rébecca,Ray,bray9j@netvibes.com
Edgewire,Bebedahan,http://sitemeter.com,Gwenaëlle,Porter,jporter9k@discuz.net
Voonte,Arnage,https://sohu.com,Béatrice,Henderson,phenderson9l@mozilla.com
Linkbuzz,Wufeng,http://unc.edu,Stévina,Owens,sowens9m@businessweek.com
Skyvu,Chiryū,https://java.com,Faîtes,Montgomery,amontgomery9n@microsoft.com
Cogidoo,Dijon,http://icq.com,Maïlis,Perry,mperry9o@weibo.com
Trunyx,Lesnoy,http://wsj.com,Maëlys,Turner,rturner9p@github.com
Chatterpoint,Abade de Vermoim,http://pagesperso-orange.fr,Marie-ève,Henry,khenry9q@mapy.cz
Zoovu,Surkhakhi,http://huffingtonpost.com,Ruò,Reynolds,areynolds9r@ox.ac.uk
Babbleset,Hato Mayor del Rey,http://epa.gov,Maëlle,Alvarez,calvarez9s@uol.com.br
Tagpad,Rousínov,http://whitehouse.gov,Léa,Rice,trice9t@spotify.com
Skynoodle,Potosí,https://issuu.com,Agnès,Harris,jharris9u@salon.com
Thoughtworks,San Eduardo,http://gizmodo.com,Séverine,George,dgeorge9v@surveymonkey.com
Tagfeed,Lamakera Dua,https://tamu.edu,Alizée,Armstrong,sarmstrong9w@amazon.co.uk
Skimia,Teslić,https://arizona.edu,Laïla,Lewis,slewis9x@moonfruit.com
Meetz,Arani,http://ebay.com,Erwéi,Spencer,bspencer9y@jiathis.com
Voolia,Mingshuihe,http://redcross.org,Athéna,Mason,rmason9z@blogspot.com
Roomm,Almaguer North,https://ihg.com,Cloé,Rodriguez,krodrigueza0@abc.net.au
Skiba,Zhangfang,https://tamu.edu,Kévina,Patterson,dpattersona1@hugedomains.com
Jaxnation,San Francisco,https://ft.com,Ruì,Stephens,cstephensa2@skyrock.com
Trudeo,Alor Star,http://cam.ac.uk,Lorène,Black,cblacka3@vinaora.com
Brainverse,Massakory,http://sciencedaily.com,Cinéma,Rogers,srogersa4@mapy.cz
Browsebug,Sendai-shi,https://blogger.com,Görel,Baker,rbakera5@irs.gov
Rhybox,Xiangfu,http://hc360.com,Torbjörn,Garcia,rgarciaa6@hc360.com
Jetwire,Passos,http://go.com,Amélie,Sanders,msandersa7@uol.com.br
Blogtags,Iracemápolis,http://hugedomains.com,Camélia,Howard,hhowarda8@storify.com
Wordtune,Zhayang,https://senate.gov,Réjane,Bishop,kbishopa9@google.fr
Yabox,Oświęcim,https://nhs.uk,Personnalisée,Payne,bpayneaa@webmd.com
Skyba,Yalukou,http://dailymail.co.uk,Marie-thérèse,Brooks,ebrooksab@seesaa.net
Skimia,Kamiichi,https://godaddy.com,Märta,Parker,aparkerac@umich.edu
Skinte,Itaparica,http://alibaba.com,Dù,Jacobs,cjacobsad@ed.gov
Zoonoodle,Gorobinci,https://google.es,Cécile,Wells,vwellsae@usatoday.com
Eidel,Nizhniy Tagil,http://bbc.co.uk,Simplifiés,Knight,jknightaf@pbs.org
Roombo,Xinji,http://live.com,Vérane,Carpenter,hcarpenterag@intel.com
Avavee,Suna,http://who.int,Gérald,Lopez,hlopezah@youtube.com
Twitterbeat,Tāybād,http://vkontakte.ru,Célestine,James,rjamesai@ning.com
Youspan,Miętne,https://va.gov,Joséphine,Henry,shenryaj@toplist.cz
Twiyo,Perpignan,http://paypal.com,Tú,Gomez,pgomezak@posterous.com
Ozu,Roa,https://rambler.ru,Maëline,Hill,mhillal@youku.com
Jabbersphere,Otun,https://newsvine.com,Alizée,Wagner,mwagneram@ameblo.jp
Rhybox,Tianmen,https://slideshare.net,Rébecca,Dean,pdeanan@is.gd
Npath,Pećigrad,http://cornell.edu,Eléonore,Young,ayoungao@amazonaws.com
Topicstorm,Yuty,https://baidu.com,Mélanie,Fernandez,jfernandezap@vistaprint.com
Quaxo,Matão,http://vimeo.com,Publicité,Hughes,rhughesaq@ftc.gov
Thoughtmix,Sisŏphŏn,http://alexa.com,Maëlle,Knight,sknightar@slashdot.org
Eire,Wadeng,http://microsoft.com,Inès,Dunn,mdunnas@ihg.com
Skibox,Hexi,http://comsenz.com,Eliès,Phillips,kphillipsat@youtube.com
Quire,Zhangcun,https://dion.ne.jp,Vénus,Henry,jhenryau@hud.gov
Brightbean,Horgo,http://si.edu,Bérangère,Meyer,dmeyerav@prlog.org
Nlounge,Police nad Metují,https://artisteer.com,Solène,Riley,lrileyaw@samsung.com
Topicshots,Rochester,https://berkeley.edu,Aloïs,Richards,crichardsax@hc360.com
Feedbug,Diapaga,http://mayoclinic.com,Loïc,Robertson,krobertsonay@dailymotion.com
Einti,Ban Houakhoua,http://gov.uk,Pélagie,Reyes,creyesaz@constantcontact.com
Centimia,Dingcheng,http://nasa.gov,Uò,Morales,amoralesb0@usgs.gov
Skyble,Gryfów Śląski,https://blinklist.com,Angélique,Torres,jtorresb1@cisco.com
Yabox,Riangblolong,http://hatena.ne.jp,Miléna,Henderson,jhendersonb2@moonfruit.com
Avavee,Puerto Bello,https://icq.com,Clémence,Graham,agrahamb3@auda.org.au
Bluezoom,Pau,https://reddit.com,Aurélie,Baker,abakerb4@imgur.com
Roomm,Sungai Raya,http://china.com.cn,Maéna,Howard,phowardb5@statcounter.com
Twitterbeat,Paris 16,https://msu.edu,Célestine,Butler,sbutlerb6@ebay.co.uk
Tagchat,Potongan,http://devhub.com,Göran,Johnson,ajohnsonb7@accuweather.com
Ntag,Fermont,https://mediafire.com,Loïs,Ellis,bellisb8@wordpress.org
Voomm,Brest,https://sfgate.com,Joséphine,Palmer,mpalmerb9@elegantthemes.com
Devbug,Concepción,http://baidu.com,Cécilia,George,vgeorgeba@bravesites.com
Thoughtbeat,Tangwang,http://nba.com,Åke,Boyd,cboydbb@columbia.edu
Mydeo,Mulawato,http://ebay.co.uk,Géraldine,Bailey,tbaileybc@ft.com
Realcube,Firmat,https://cbsnews.com,Måns,Collins,pcollinsbd@usgs.gov
Thoughtmix,Sines,https://deliciousdays.com,Maïwenn,Rogers,brogersbe@tiny.cc
Fivespan,Mataguži,https://addthis.com,Athéna,Lopez,hlopezbf@desdev.cn
Buzzster,Bochov,https://amazon.co.jp,Réservés,Myers,amyersbg@netvibes.com
Wordware,Suban,http://google.cn,Thérèse,Lynch,blynchbh@rakuten.co.jp
Trilia,Pom Prap Sattru Phai,https://spiegel.de,Cinéma,Cole,acolebi@ow.ly
Aivee,Kanda,https://studiopress.com,Styrbjörn,Gibson,ngibsonbj@about.com
Dabfeed,Taihe,http://netscape.com,Gaétane,Young,ryoungbk@mail.ru
Oyoyo,Şalākhid,http://netscape.com,Naéva,Boyd,mboydbl@canalblog.com
Cogidoo,Daxbet,http://disqus.com,Yáo,Harper,aharperbm@dropbox.com
Rhycero,Komatsu,https://typepad.com,Örjan,Frazier,jfrazierbn@pbs.org
Brightdog,Lesozavodsk,https://a8.net,Jú,Harper,aharperbo@privacy.gov.au
Flipstorm,Proletarskiy,http://google.com.hk,Géraldine,Garrett,kgarrettbp@squidoo.com
Fiveclub,Kalmunai,https://1688.com,Judicaël,Hawkins,ahawkinsbq@microsoft.com
Twitterbeat,Skalat,http://intel.com,Vénus,Foster,kfosterbr@meetup.com
Latz,Bununu Dass,https://usgs.gov,Fèi,Graham,kgrahambs@un.org
Voolith,Thủ Thừa,https://microsoft.com,Yú,Hernandez,jhernandezbt@etsy.com
Eire,Kremenki,http://businesswire.com,Laïla,Simmons,rsimmonsbu@studiopress.com
Vinder,Huangmei,https://ifeng.com,Daphnée,Henderson,thendersonbv@infoseek.co.jp
Thoughtsphere,Soloma,http://aol.com,Yú,Perry,sperrybw@yelp.com
Blogtags,Choma,http://theatlantic.com,Zhì,Boyd,eboydbx@europa.eu
Jayo,Hebu,https://ted.com,Gösta,Jackson,kjacksonby@posterous.com
Fiveclub,Stenungsund,http://dagondesign.com,Ruò,Jacobs,bjacobsbz@webnode.com
Realcube,Columbia,https://aol.com,Léonie,Bell,jbellc0@histats.com
Yambee,Pingli,http://examiner.com,Gösta,Peterson,rpetersonc1@arstechnica.com
Livetube,Yuankeng,http://nymag.com,Annotés,Weaver,aweaverc2@hubpages.com
Tagcat,Täby,https://tuttocitta.it,Maïlys,Ray,jrayc3@dagondesign.com
Pixoboo,Estreito,https://mozilla.com,Inès,Black,rblackc4@independent.co.uk
Bluejam,Lizhuangzi,http://wiley.com,Béatrice,Wells,dwellsc5@japanpost.jp
Jayo,Rulong,http://i2i.jp,Géraldine,George,mgeorgec6@netvibes.com
Buzzbean,Groningen,http://un.org,Maïté,Reed,hreedc7@friendfeed.com
Livepath,Quzhou,http://ed.gov,Audréanne,Martinez,pmartinezc8@earthlink.net
Innotype,Tajan,http://google.cn,Irène,Freeman,pfreemanc9@miibeian.gov.cn
Voonte,Lianzhu,http://state.gov,Marylène,Bennett,jbennettca@ibm.com
Kamba,Harrisburg,http://hp.com,Clélia,Cunningham,ccunninghamcb@irs.gov
Trilia,Sarapul,https://springer.com,Amélie,Hanson,rhansoncc@delicious.com
Einti,Souto,http://blog.com,Noëlla,Garrett,tgarrettcd@cocolog-nifty.com
Quamba,Ilmajoki,https://theatlantic.com,Laurélie,Russell,lrussellce@imgur.com
Brightbean,Tangzhuang,https://hatena.ne.jp,Andréanne,Peterson,mpetersoncf@bluehost.com
Eadel,Mizi,https://netscape.com,Ráo,Larson,alarsoncg@addtoany.com
Katz,Tāybād,http://over-blog.com,Lóng,Dean,jdeanch@mozilla.org
Oloo,Philadelphia,http://yale.edu,Daphnée,Fox,jfoxci@epa.gov
Voomm,Solna,http://webnode.com,Pélagie,Dean,tdeancj@unblog.fr
Wikizz,Nogent-sur-Marne,http://arstechnica.com,Aurélie,Kim,wkimck@google.com.hk
Gigabox,Sholokhove,http://hexun.com,Maëlla,Ruiz,sruizcl@usgs.gov
Babbleblab,Debrecen,http://topsy.com,Pål,Bradley,mbradleycm@goodreads.com
Buzzster,Kalangala,https://bing.com,Almérinda,Larson,klarsoncn@hugedomains.com
Mycat,Ash Shuqayrah,https://macromedia.com,Bénédicte,Hall,jhallco@theglobeandmail.com
Plambee,São Silvestre,https://redcross.org,Desirée,Grant,lgrantcp@toplist.cz
Pixonyx,Thị Trấn Yên Ninh,https://comsenz.com,Mylène,Vasquez,avasquezcq@loc.gov
Buzzdog,Mankono,http://shinystat.com,Anaé,Rose,arosecr@about.com
Rhynoodle,Haninge,http://wikispaces.com,Alizée,Baker,tbakercs@surveymonkey.com
Vipe,Kamenjane,https://github.io,Marlène,Wright,bwrightct@clickbank.net
Fivebridge,Changjiang,https://netvibes.com,Réjane,Palmer,mpalmercu@mediafire.com
Lajo,Kobylanka,https://smugmug.com,Amélie,Berry,pberrycv@webmd.com
Voolith,Kimje,https://theguardian.com,Pélagie,Parker,tparkercw@pagesperso-orange.fr
Katz,Buket Teukuh,https://techcrunch.com,Cinéma,Wells,kwellscx@myspace.com
Rooxo,Laḩij,https://nhs.uk,Lorène,Welch,bwelchcy@yellowpages.com
Jabbercube,Goya,http://uol.com.br,Nélie,Davis,mdaviscz@cafepress.com
Livetube,Balas,http://fema.gov,Valérie,Hamilton,ehamiltond0@nba.com
Demimbu,Estreito,https://mysql.com,Örjan,Rose,grosed1@example.com
Vidoo,Hengshui,https://techcrunch.com,Håkan,Dean,mdeand2@mysql.com
Devpoint,Sihe,https://ezinearticles.com,Stéphanie,Palmer,hpalmerd3@vimeo.com
Mydo,Chornukhyne,https://google.co.jp,Zhì,Chapman,tchapmand4@amazon.co.jp
Voonix,Miras,https://51.la,Maï,Adams,badamsd5@facebook.com
Dabjam,Sabtang,https://geocities.com,Chloé,Henderson,jhendersond6@sina.com.cn
Quinu,Botucatu,http://independent.co.uk,Desirée,Fisher,tfisherd7@bbb.org
Meevee,Monte Santo de Minas,https://linkedin.com,Chloé,Davis,kdavisd8@gizmodo.com
Yakijo,Shuangpu,http://netscape.com,Maï,Fernandez,wfernandezd9@state.gov
Zooveo,Dazuo,https://alibaba.com,Erwéi,Hernandez,ahernandezda@xinhuanet.com
Skajo,Mayumba,https://blogs.com,Åke,Gilbert,sgilbertdb@nbcnews.com
Zoombox,Andrijaševci,http://bloglines.com,Björn,Bradley,pbradleydc@springer.com
BlogXS,Supu,http://etsy.com,Dorothée,Little,elittledd@dot.gov
Centimia,Luntai,https://wikipedia.org,Lèi,Flores,afloresde@jiathis.com
Bubblemix,Kosonsoy Shahri,http://xrea.com,Hélène,Baker,jbakerdf@ehow.com
Jabbersphere,Tayabamba,https://tripadvisor.com,Marie-thérèse,Wells,mwellsdg@geocities.jp
Topicware,Darnah,https://friendfeed.com,Béatrice,Kim,skimdh@google.cn
Photojam,Ganjiangtou,https://patch.com,Adèle,Perez,bperezdi@cam.ac.uk
Twitterlist,Bašaid,https://creativecommons.org,Léonore,Burns,mburnsdj@slashdot.org
Pixoboo,Xindi,https://youku.com,Frédérique,Graham,lgrahamdk@epa.gov
Digitube,Bacelo,http://ifeng.com,Gösta,Morgan,gmorgandl@live.com
Tazzy,Barwałd Górny,http://smh.com.au,Marlène,Graham,sgrahamdm@comsenz.com
Centidel,Uyo,https://topsy.com,Håkan,Frazier,cfrazierdn@godaddy.com
Tanoodle,Pragen Selatan,http://phoca.cz,Eloïse,Thomas,dthomasdo@pagesperso-orange.fr
Twitternation,Lhuentse,http://sitemeter.com,Noëlla,Mendoza,rmendozadp@storify.com
Jabberbean,Tallbīsah,http://pcworld.com,Björn,Peterson,dpetersondq@disqus.com
BlogXS,Kota Kinabalu,http://sbwire.com,Régine,Rice,dricedr@imdb.com
Fivebridge,Ladário,http://friendfeed.com,Kuí,Perez,eperezds@uol.com.br
Browsedrive,Gulu,http://typepad.com,Zhì,Bryant,gbryantdt@mapquest.com
Topdrive,Guazapa,http://indiatimes.com,Lyséa,Morris,bmorrisdu@dell.com
Topiczoom,Guling,http://spiegel.de,Kallisté,Reed,dreeddv@mayoclinic.com
